п»їmatrix_type,component_category,component_maker,component_name,component_mm,component_extra,case_model,case_maker,case_form_factor,case_limit_mm,margin_mm,verdict
GPUГ—г‚±гѓјг‚№,gpu,asus,ROG Matrix Platinum GeForce RTXв„ў 5090 - ASUS Graphics Cards 30th Anniversary Edition,370,"TDP:1200W conn:1x16-pin,Graphicscardhigh-power(GC-HPWR)goldfinger",NZXT H510,nzxt,ATX,381,11,WARNING
GPUГ—г‚±гѓјг‚№,gpu,asus,ROG Matrix Platinum GeForce RTXв„ў 5090 - ASUS Graphics Cards 30th Anniversary Edition,370,"TDP:1200W conn:1x16-pin,Graphicscardhigh-power(GC-HPWR)goldfinger",NZXT H200i,nzxt,Mini-ITX,328,-42,NG
GPUГ—г‚±гѓјг‚№,gpu,asus,ROG Matrix Platinum GeForce RTXв„ў 5090 - ASUS Graphics Cards 30th Anniversary Edition,370,"TDP:1200W conn:1x16-pin,Graphicscardhigh-power(GC-HPWR)goldfinger",NZXT H9 Flow,nzxt,ATX,385,15,WARNING
GPUГ—г‚±гѓјг‚№,gpu,asus,ROG Matrix Platinum GeForce RTXв„ў 5090 - ASUS Graphics Cards 30th Anniversary Edition,370,"TDP:1200W conn:1x16-pin,Graphicscardhigh-power(GC-HPWR)goldfinger",NZXT H3 Flow,nzxt,ATX,380,10,WARNING
GPUГ—г‚±гѓјг‚№,gpu,asus,ROG Matrix Platinum GeForce RTXв„ў 5090 - ASUS Graphics Cards 30th Anniversary Edition,370,"TDP:1200W conn:1x16-pin,Graphicscardhigh-power(GC-HPWR)goldfinger",NZXT H2 Flow,nzxt,Mini-ITX,340,-30,NG
GPUГ—г‚±гѓјг‚№,gpu,asus,ROG Astral GeForce RTXв„ў 5080 16GB GDDR7 OC HATSUNE MIKU EDITION,357,TDP:NoneW conn:1x16-pin,NZXT H510,nzxt,ATX,381,24,WARNING
GPUГ—г‚±гѓјг‚№,gpu,asus,ROG Astral GeForce RTXв„ў 5080 16GB GDDR7 OC HATSUNE MIKU EDITION,357,TDP:NoneW conn:1x16-pin,NZXT H200i,nzxt,Mini-ITX,328,-29,NG
GPUГ—г‚±гѓјг‚№,gpu,asus,ROG Astral GeForce RTXв„ў 5080 16GB GDDR7 OC HATSUNE MIKU EDITION,357,TDP:NoneW conn:1x16-pin,NZXT H9 Flow,nzxt,ATX,385,28,WARNING
GPUГ—г‚±гѓјг‚№,gpu,asus,ROG Astral GeForce RTXв„ў 5080 16GB GDDR7 OC HATSUNE MIKU EDITION,357,TDP:NoneW conn:1x16-pin,NZXT H3 Flow,nzxt,ATX,380,23,WARNING
GPUГ—г‚±гѓјг‚№,gpu,asus,ROG Astral GeForce RTXв„ў 5080 16GB GDDR7 OC HATSUNE MIKU EDITION,357,TDP:NoneW conn:1x16-pin,NZXT H2 Flow,nzxt,Mini-ITX,340,-17,NG
GPUГ—г‚±гѓјг‚№,gpu,asus,ASUS TUF Gaming Radeonв„ў RX 9070 XT COD BO7 Special Edition,330,TDP:850W conn:8pinx3,NZXT H510,nzxt,ATX,381,51,OK
GPUГ—г‚±гѓјг‚№,gpu,asus,ASUS TUF Gaming Radeonв„ў RX 9070 XT COD BO7 Special Edition,330,TDP:850W conn:8pinx3,NZXT H200i,nzxt,Mini-ITX,328,-2,NG
GPUГ—г‚±гѓјг‚№,gpu,asus,ASUS TUF Gaming Radeonв„ў RX 9070 XT COD BO7 Special Edition,330,TDP:850W conn:8pinx3,NZXT H9 Flow,nzxt,ATX,385,55,OK
GPUГ—г‚±гѓјг‚№,gpu,asus,ASUS TUF Gaming Radeonв„ў RX 9070 XT COD BO7 Special Edition,330,TDP:850W conn:8pinx3,NZXT H3 Flow,nzxt,ATX,380,50,OK
GPUГ—г‚±гѓјг‚№,gpu,asus,ASUS TUF Gaming Radeonв„ў RX 9070 XT COD BO7 Special Edition,330,TDP:850W conn:8pinx3,NZXT H2 Flow,nzxt,Mini-ITX,340,10,WARNING
GPUГ—г‚±гѓјг‚№,gpu,gigabyte,AORUS GeForce RTXв„ў 5090 INFINITY 32G,330,TDP:1000W conn:16Pin*1,NZXT H510,nzxt,ATX,381,51,OK
GPUГ—г‚±гѓјг‚№,gpu,gigabyte,AORUS GeForce RTXв„ў 5090 INFINITY 32G,330,TDP:1000W conn:16Pin*1,NZXT H200i,nzxt,Mini-ITX,328,-2,NG
GPUГ—г‚±гѓјг‚№,gpu,gigabyte,AORUS GeForce RTXв„ў 5090 INFINITY 32G,330,TDP:1000W conn:16Pin*1,NZXT H9 Flow,nzxt,ATX,385,55,OK
GPUГ—г‚±гѓјг‚№,gpu,gigabyte,AORUS GeForce RTXв„ў 5090 INFINITY 32G,330,TDP:1000W conn:16Pin*1,NZXT H3 Flow,nzxt,ATX,380,50,OK
GPUГ—г‚±гѓјг‚№,gpu,gigabyte,AORUS GeForce RTXв„ў 5090 INFINITY 32G,330,TDP:1000W conn:16Pin*1,NZXT H2 Flow,nzxt,Mini-ITX,340,10,WARNING
GPUГ—г‚±гѓјг‚№,gpu,asus,ProArt GeForce RTXв„ў 5070 Ti OC Edition 16GB GDDR7,304,TDP:850W conn:1x16-pin,NZXT H510,nzxt,ATX,381,77,OK
GPUГ—г‚±гѓјг‚№,gpu,asus,ProArt GeForce RTXв„ў 5070 Ti OC Edition 16GB GDDR7,304,TDP:850W conn:1x16-pin,NZXT H200i,nzxt,Mini-ITX,328,24,WARNING
GPUГ—г‚±гѓјг‚№,gpu,asus,ProArt GeForce RTXв„ў 5070 Ti OC Edition 16GB GDDR7,304,TDP:850W conn:1x16-pin,NZXT H9 Flow,nzxt,ATX,385,81,OK
GPUГ—г‚±гѓјг‚№,gpu,asus,ProArt GeForce RTXв„ў 5070 Ti OC Edition 16GB GDDR7,304,TDP:850W conn:1x16-pin,NZXT H3 Flow,nzxt,ATX,380,76,OK
GPUГ—г‚±гѓјг‚№,gpu,asus,ProArt GeForce RTXв„ў 5070 Ti OC Edition 16GB GDDR7,304,TDP:850W conn:1x16-pin,NZXT H2 Flow,nzxt,Mini-ITX,340,36,OK
GPUГ—г‚±гѓјг‚№,gpu,msi,GeForce RTXв„ў 5070 Ti 16G VENTUS 3X PZ OC,303,TDP:300W conn:16pinx1,NZXT H510,nzxt,ATX,381,78,OK
GPUГ—г‚±гѓјг‚№,gpu,msi,GeForce RTXв„ў 5070 Ti 16G VENTUS 3X PZ OC,303,TDP:300W conn:16pinx1,NZXT H200i,nzxt,Mini-ITX,328,25,WARNING
GPUГ—г‚±гѓјг‚№,gpu,msi,GeForce RTXв„ў 5070 Ti 16G VENTUS 3X PZ OC,303,TDP:300W conn:16pinx1,NZXT H9 Flow,nzxt,ATX,385,82,OK
GPUГ—г‚±гѓјг‚№,gpu,msi,GeForce RTXв„ў 5070 Ti 16G VENTUS 3X PZ OC,303,TDP:300W conn:16pinx1,NZXT H3 Flow,nzxt,ATX,380,77,OK
GPUГ—г‚±гѓјг‚№,gpu,msi,GeForce RTXв„ў 5070 Ti 16G VENTUS 3X PZ OC,303,TDP:300W conn:16pinx1,NZXT H2 Flow,nzxt,Mini-ITX,340,37,OK
GPUГ—г‚±гѓјг‚№,gpu,gigabyte,Radeonв„ў AI PRO R9700 AI TOP 32G  (Rev. 1.1),267,TDP:750W conn:16pin*1,NZXT H510,nzxt,ATX,381,114,OK
GPUГ—г‚±гѓјг‚№,gpu,gigabyte,Radeonв„ў AI PRO R9700 AI TOP 32G  (Rev. 1.1),267,TDP:750W conn:16pin*1,NZXT H200i,nzxt,Mini-ITX,328,61,OK
GPUГ—г‚±гѓјг‚№,gpu,gigabyte,Radeonв„ў AI PRO R9700 AI TOP 32G  (Rev. 1.1),267,TDP:750W conn:16pin*1,NZXT H9 Flow,nzxt,ATX,385,118,OK
GPUГ—г‚±гѓјг‚№,gpu,gigabyte,Radeonв„ў AI PRO R9700 AI TOP 32G  (Rev. 1.1),267,TDP:750W conn:16pin*1,NZXT H3 Flow,nzxt,ATX,380,113,OK
GPUГ—г‚±гѓјг‚№,gpu,gigabyte,Radeonв„ў AI PRO R9700 AI TOP 32G  (Rev. 1.1),267,TDP:750W conn:16pin*1,NZXT H2 Flow,nzxt,Mini-ITX,340,73,OK
GPUГ—г‚±гѓјг‚№,gpu,gigabyte,Radeonв„ў AI PRO R9700 AI TOP 32G  (Rev. 1.0),267,TDP:750W conn:16pin*1,NZXT H510,nzxt,ATX,381,114,OK
GPUГ—г‚±гѓјг‚№,gpu,gigabyte,Radeonв„ў AI PRO R9700 AI TOP 32G  (Rev. 1.0),267,TDP:750W conn:16pin*1,NZXT H200i,nzxt,Mini-ITX,328,61,OK
GPUГ—г‚±гѓјг‚№,gpu,gigabyte,Radeonв„ў AI PRO R9700 AI TOP 32G  (Rev. 1.0),267,TDP:750W conn:16pin*1,NZXT H9 Flow,nzxt,ATX,385,118,OK
GPUГ—г‚±гѓјг‚№,gpu,gigabyte,Radeonв„ў AI PRO R9700 AI TOP 32G  (Rev. 1.0),267,TDP:750W conn:16pin*1,NZXT H3 Flow,nzxt,ATX,380,113,OK
GPUГ—г‚±гѓјг‚№,gpu,gigabyte,Radeonв„ў AI PRO R9700 AI TOP 32G  (Rev. 1.0),267,TDP:750W conn:16pin*1,NZXT H2 Flow,nzxt,Mini-ITX,340,73,OK
GPUГ—г‚±гѓјг‚№,gpu,msi,GeForce RTXв„ў 5090 32G LIGHTNING Z,260,TDP:800W conn:16pinx2,NZXT H510,nzxt,ATX,381,121,OK
GPUГ—г‚±гѓјг‚№,gpu,msi,GeForce RTXв„ў 5090 32G LIGHTNING Z,260,TDP:800W conn:16pinx2,NZXT H200i,nzxt,Mini-ITX,328,68,OK
GPUГ—г‚±гѓјг‚№,gpu,msi,GeForce RTXв„ў 5090 32G LIGHTNING Z,260,TDP:800W conn:16pinx2,NZXT H9 Flow,nzxt,ATX,385,125,OK
GPUГ—г‚±гѓјг‚№,gpu,msi,GeForce RTXв„ў 5090 32G LIGHTNING Z,260,TDP:800W conn:16pinx2,NZXT H3 Flow,nzxt,ATX,380,120,OK
GPUГ—г‚±гѓјг‚№,gpu,msi,GeForce RTXв„ў 5090 32G LIGHTNING Z,260,TDP:800W conn:16pinx2,NZXT H2 Flow,nzxt,Mini-ITX,340,80,OK
GPUГ—г‚±гѓјг‚№,gpu,gigabyte,AORUS GeForce RTXв„ў 5090 XTREME WATERFORCE 32G,245,TDP:1000W conn:16pin*1,NZXT H510,nzxt,ATX,381,136,OK
GPUГ—г‚±гѓјг‚№,gpu,gigabyte,AORUS GeForce RTXв„ў 5090 XTREME WATERFORCE 32G,245,TDP:1000W conn:16pin*1,NZXT H200i,nzxt,Mini-ITX,328,83,OK
GPUГ—г‚±гѓјг‚№,gpu,gigabyte,AORUS GeForce RTXв„ў 5090 XTREME WATERFORCE 32G,245,TDP:1000W conn:16pin*1,NZXT H9 Flow,nzxt,ATX,385,140,OK
GPUГ—г‚±гѓјг‚№,gpu,gigabyte,AORUS GeForce RTXв„ў 5090 XTREME WATERFORCE 32G,245,TDP:1000W conn:16pin*1,NZXT H3 Flow,nzxt,ATX,380,135,OK
GPUГ—г‚±гѓјг‚№,gpu,gigabyte,AORUS GeForce RTXв„ў 5090 XTREME WATERFORCE 32G,245,TDP:1000W conn:16pin*1,NZXT H2 Flow,nzxt,Mini-ITX,340,95,OK
GPUГ—г‚±гѓјг‚№,gpu,msi,GeForce RTXв„ў 5060 Ti 8G VENTUS 2X OC CLASSIC,241,TDP:180W conn:8pinx1,NZXT H510,nzxt,ATX,381,140,OK
GPUГ—г‚±гѓјг‚№,gpu,msi,GeForce RTXв„ў 5060 Ti 8G VENTUS 2X OC CLASSIC,241,TDP:180W conn:8pinx1,NZXT H200i,nzxt,Mini-ITX,328,87,OK
GPUГ—г‚±гѓјг‚№,gpu,msi,GeForce RTXв„ў 5060 Ti 8G VENTUS 2X OC CLASSIC,241,TDP:180W conn:8pinx1,NZXT H9 Flow,nzxt,ATX,385,144,OK
GPUГ—г‚±гѓјг‚№,gpu,msi,GeForce RTXв„ў 5060 Ti 8G VENTUS 2X OC CLASSIC,241,TDP:180W conn:8pinx1,NZXT H3 Flow,nzxt,ATX,380,139,OK
GPUГ—г‚±гѓјг‚№,gpu,msi,GeForce RTXв„ў 5060 Ti 8G VENTUS 2X OC CLASSIC,241,TDP:180W conn:8pinx1,NZXT H2 Flow,nzxt,Mini-ITX,340,99,OK
GPUГ—г‚±гѓјг‚№,gpu,asus,ASUS Dual GeForce RTXв„ў 5060 White OC Edition 8GB GDDR7,228,TDP:550W conn:1x8-pin,NZXT H510,nzxt,ATX,381,153,OK
GPUГ—г‚±гѓјг‚№,gpu,asus,ASUS Dual GeForce RTXв„ў 5060 White OC Edition 8GB GDDR7,228,TDP:550W conn:1x8-pin,NZXT H200i,nzxt,Mini-ITX,328,100,OK
GPUГ—г‚±гѓјг‚№,gpu,asus,ASUS Dual GeForce RTXв„ў 5060 White OC Edition 8GB GDDR7,228,TDP:550W conn:1x8-pin,NZXT H9 Flow,nzxt,ATX,385,157,OK
GPUГ—г‚±гѓјг‚№,gpu,asus,ASUS Dual GeForce RTXв„ў 5060 White OC Edition 8GB GDDR7,228,TDP:550W conn:1x8-pin,NZXT H3 Flow,nzxt,ATX,380,152,OK
GPUГ—г‚±гѓјг‚№,gpu,asus,ASUS Dual GeForce RTXв„ў 5060 White OC Edition 8GB GDDR7,228,TDP:550W conn:1x8-pin,NZXT H2 Flow,nzxt,Mini-ITX,340,112,OK
GPUГ—г‚±гѓјг‚№,gpu,gigabyte,AORUS GeForce RTXв„ў 5080 XTREME WATERFORCE 16G,220,TDP:850W conn:16pin*1,NZXT H510,nzxt,ATX,381,161,OK
GPUГ—г‚±гѓјг‚№,gpu,gigabyte,AORUS GeForce RTXв„ў 5080 XTREME WATERFORCE 16G,220,TDP:850W conn:16pin*1,NZXT H200i,nzxt,Mini-ITX,328,108,OK
GPUГ—г‚±гѓјг‚№,gpu,gigabyte,AORUS GeForce RTXв„ў 5080 XTREME WATERFORCE 16G,220,TDP:850W conn:16pin*1,NZXT H9 Flow,nzxt,ATX,385,165,OK
GPUГ—г‚±гѓјг‚№,gpu,gigabyte,AORUS GeForce RTXв„ў 5080 XTREME WATERFORCE 16G,220,TDP:850W conn:16pin*1,NZXT H3 Flow,nzxt,ATX,380,160,OK
GPUГ—г‚±гѓјг‚№,gpu,gigabyte,AORUS GeForce RTXв„ў 5080 XTREME WATERFORCE 16G,220,TDP:850W conn:16pin*1,NZXT H2 Flow,nzxt,Mini-ITX,340,120,OK
GPUГ—г‚±гѓјг‚№,gpu,msi,GeForce RTXв„ў 5050 8G VENTUS 2X OC,197,TDP:130W conn:8pinx1,NZXT H510,nzxt,ATX,381,184,OK
GPUГ—г‚±гѓјг‚№,gpu,msi,GeForce RTXв„ў 5050 8G VENTUS 2X OC,197,TDP:130W conn:8pinx1,NZXT H200i,nzxt,Mini-ITX,328,131,OK
GPUГ—г‚±гѓјг‚№,gpu,msi,GeForce RTXв„ў 5050 8G VENTUS 2X OC,197,TDP:130W conn:8pinx1,NZXT H9 Flow,nzxt,ATX,385,188,OK
GPUГ—г‚±гѓјг‚№,gpu,msi,GeForce RTXв„ў 5050 8G VENTUS 2X OC,197,TDP:130W conn:8pinx1,NZXT H3 Flow,nzxt,ATX,380,183,OK
GPUГ—г‚±гѓјг‚№,gpu,msi,GeForce RTXв„ў 5050 8G VENTUS 2X OC,197,TDP:130W conn:8pinx1,NZXT H2 Flow,nzxt,Mini-ITX,340,143,OK
GPUГ—г‚±гѓјг‚№,gpu,msi,GeForce RTXв„ў 3050 LP E 6G OC,174,TDP:70W conn:,NZXT H510,nzxt,ATX,381,207,OK
GPUГ—г‚±гѓјг‚№,gpu,msi,GeForce RTXв„ў 3050 LP E 6G OC,174,TDP:70W conn:,NZXT H200i,nzxt,Mini-ITX,328,154,OK
GPUГ—г‚±гѓјг‚№,gpu,msi,GeForce RTXв„ў 3050 LP E 6G OC,174,TDP:70W conn:,NZXT H9 Flow,nzxt,ATX,385,211,OK
GPUГ—г‚±гѓјг‚№,gpu,msi,GeForce RTXв„ў 3050 LP E 6G OC,174,TDP:70W conn:,NZXT H3 Flow,nzxt,ATX,380,206,OK
GPUГ—г‚±гѓјг‚№,gpu,msi,GeForce RTXв„ў 3050 LP E 6G OC,174,TDP:70W conn:,NZXT H2 Flow,nzxt,Mini-ITX,340,166,OK
CPUг‚Їгѓјгѓ©гѓјГ—г‚±гѓјг‚№,cpu_cooler,noctua,NH-D15 G2,168,fan:140mm,NZXT H510,nzxt,ATX,165,-3,NG
CPUг‚Їгѓјгѓ©гѓјГ—г‚±гѓјг‚№,cpu_cooler,noctua,NH-D15 G2,168,fan:140mm,NZXT H200i,nzxt,Mini-ITX,167,-1,NG
CPUг‚Їгѓјгѓ©гѓјГ—г‚±гѓјг‚№,cpu_cooler,noctua,NH-D15 G2,168,fan:140mm,NZXT H9 Flow,nzxt,ATX,185,17,WARNING
CPUг‚Їгѓјгѓ©гѓјГ—г‚±гѓјг‚№,cpu_cooler,noctua,NH-D15 G2,168,fan:140mm,NZXT H3 Flow,nzxt,ATX,165,-3,NG
CPUг‚Їгѓјгѓ©гѓјГ—г‚±гѓјг‚№,cpu_cooler,noctua,NH-D15 G2,168,fan:140mm,NZXT H2 Flow,nzxt,Mini-ITX,167,-1,NG
CPUг‚Їгѓјгѓ©гѓјГ—г‚±гѓјг‚№,cpu_cooler,noctua,NH-D15 G2 chromax.black,168,fan:140mm,NZXT H510,nzxt,ATX,165,-3,NG
CPUг‚Їгѓјгѓ©гѓјГ—г‚±гѓјг‚№,cpu_cooler,noctua,NH-D15 G2 chromax.black,168,fan:140mm,NZXT H200i,nzxt,Mini-ITX,167,-1,NG
CPUг‚Їгѓјгѓ©гѓјГ—г‚±гѓјг‚№,cpu_cooler,noctua,NH-D15 G2 chromax.black,168,fan:140mm,NZXT H9 Flow,nzxt,ATX,185,17,WARNING
CPUг‚Їгѓјгѓ©гѓјГ—г‚±гѓјг‚№,cpu_cooler,noctua,NH-D15 G2 chromax.black,168,fan:140mm,NZXT H3 Flow,nzxt,ATX,165,-3,NG
CPUг‚Їгѓјгѓ©гѓјГ—г‚±гѓјг‚№,cpu_cooler,noctua,NH-D15 G2 chromax.black,168,fan:140mm,NZXT H2 Flow,nzxt,Mini-ITX,167,-1,NG
CPUг‚Їгѓјгѓ©гѓјГ—г‚±гѓјг‚№,cpu_cooler,noctua,NH-D15,168,fan:140mm,NZXT H510,nzxt,ATX,165,-3,NG
CPUг‚Їгѓјгѓ©гѓјГ—г‚±гѓјг‚№,cpu_cooler,noctua,NH-D15,168,fan:140mm,NZXT H200i,nzxt,Mini-ITX,167,-1,NG
CPUг‚Їгѓјгѓ©гѓјГ—г‚±гѓјг‚№,cpu_cooler,noctua,NH-D15,168,fan:140mm,NZXT H9 Flow,nzxt,ATX,185,17,WARNING
CPUг‚Їгѓјгѓ©гѓјГ—г‚±гѓјг‚№,cpu_cooler,noctua,NH-D15,168,fan:140mm,NZXT H3 Flow,nzxt,ATX,165,-3,NG
CPUг‚Їгѓјгѓ©гѓјГ—г‚±гѓјг‚№,cpu_cooler,noctua,NH-D15,168,fan:140mm,NZXT H2 Flow,nzxt,Mini-ITX,167,-1,NG
CPUг‚Їгѓјгѓ©гѓјГ—г‚±гѓјг‚№,cpu_cooler,noctua,NH-D15 chromax.black,168,fan:140mm,NZXT H510,nzxt,ATX,165,-3,NG
CPUг‚Їгѓјгѓ©гѓјГ—г‚±гѓјг‚№,cpu_cooler,noctua,NH-D15 chromax.black,168,fan:140mm,NZXT H200i,nzxt,Mini-ITX,167,-1,NG
CPUг‚Їгѓјгѓ©гѓјГ—г‚±гѓјг‚№,cpu_cooler,noctua,NH-D15 chromax.black,168,fan:140mm,NZXT H9 Flow,nzxt,ATX,185,17,WARNING
CPUг‚Їгѓјгѓ©гѓјГ—г‚±гѓјг‚№,cpu_cooler,noctua,NH-D15 chromax.black,168,fan:140mm,NZXT H3 Flow,nzxt,ATX,165,-3,NG
CPUг‚Їгѓјгѓ©гѓјГ—г‚±гѓјг‚№,cpu_cooler,noctua,NH-D15 chromax.black,168,fan:140mm,NZXT H2 Flow,nzxt,Mini-ITX,167,-1,NG
CPUг‚Їгѓјгѓ©гѓјГ—г‚±гѓјг‚№,cpu_cooler,noctua,NH-U12A,158,fan:120mm,NZXT H510,nzxt,ATX,165,7,WARNING
CPUг‚Їгѓјгѓ©гѓјГ—г‚±гѓјг‚№,cpu_cooler,noctua,NH-U12A,158,fan:120mm,NZXT H200i,nzxt,Mini-ITX,167,9,WARNING
CPUг‚Їгѓјгѓ©гѓјГ—г‚±гѓјг‚№,cpu_cooler,noctua,NH-U12A,158,fan:120mm,NZXT H9 Flow,nzxt,ATX,185,27,OK
CPUг‚Їгѓјгѓ©гѓјГ—г‚±гѓјг‚№,cpu_cooler,noctua,NH-U12A,158,fan:120mm,NZXT H3 Flow,nzxt,ATX,165,7,WARNING
CPUг‚Їгѓјгѓ©гѓјГ—г‚±гѓјг‚№,cpu_cooler,noctua,NH-U12A,158,fan:120mm,NZXT H2 Flow,nzxt,Mini-ITX,167,9,WARNING
й›»жєђГ—г‚±гѓјг‚№,psu,bequiet,DARK POWER 14 | 1200 W,175,1200W Titanium,NZXT H510,nzxt,ATX,200,25,OK
й›»жєђГ—г‚±гѓјг‚№,psu,bequiet,DARK POWER 14 | 1200 W,175,1200W Titanium,NZXT H200i,nzxt,Mini-ITX,130,-45,NG
й›»жєђГ—г‚±гѓјг‚№,psu,bequiet,DARK POWER 14 | 1200 W,175,1200W Titanium,NZXT H9 Flow,nzxt,ATX,220,45,OK
й›»жєђГ—г‚±гѓјг‚№,psu,bequiet,DARK POWER 14 | 1200 W,175,1200W Titanium,NZXT H3 Flow,nzxt,ATX,200,25,OK
й›»жєђГ—г‚±гѓјг‚№,psu,bequiet,DARK POWER 14 | 1200 W,175,1200W Titanium,NZXT H2 Flow,nzxt,Mini-ITX,130,-45,NG
й›»жєђГ—г‚±гѓјг‚№,psu,bequiet,DARK POWER 14 | 1000 W,175,1000W Titanium,NZXT H510,nzxt,ATX,200,25,OK
й›»жєђГ—г‚±гѓјг‚№,psu,bequiet,DARK POWER 14 | 1000 W,175,1000W Titanium,NZXT H200i,nzxt,Mini-ITX,130,-45,NG
й›»жєђГ—г‚±гѓјг‚№,psu,bequiet,DARK POWER 14 | 1000 W,175,1000W Titanium,NZXT H9 Flow,nzxt,ATX,220,45,OK
й›»жєђГ—г‚±гѓјг‚№,psu,bequiet,DARK POWER 14 | 1000 W,175,1000W Titanium,NZXT H3 Flow,nzxt,ATX,200,25,OK
й›»жєђГ—г‚±гѓјг‚№,psu,bequiet,DARK POWER 14 | 1000 W,175,1000W Titanium,NZXT H2 Flow,nzxt,Mini-ITX,130,-45,NG
й›»жєђГ—г‚±гѓјг‚№,psu,bequiet,DARK POWER 14 | 850 W,175,850W Titanium,NZXT H510,nzxt,ATX,200,25,OK
й›»жєђГ—г‚±гѓјг‚№,psu,bequiet,DARK POWER 14 | 850 W,175,850W Titanium,NZXT H200i,nzxt,Mini-ITX,130,-45,NG
й›»жєђГ—г‚±гѓјг‚№,psu,bequiet,DARK POWER 14 | 850 W,175,850W Titanium,NZXT H9 Flow,nzxt,ATX,220,45,OK
й›»жєђГ—г‚±гѓјг‚№,psu,bequiet,DARK POWER 14 | 850 W,175,850W Titanium,NZXT H3 Flow,nzxt,ATX,200,25,OK
й›»жєђГ—г‚±гѓјг‚№,psu,bequiet,DARK POWER 14 | 850 W,175,850W Titanium,NZXT H2 Flow,nzxt,Mini-ITX,130,-45,NG
й›»жєђГ—г‚±гѓјг‚№,psu,bequiet,POWER ZONE 2 | 1200 W,160,1200W Platinum,NZXT H510,nzxt,ATX,200,40,OK
й›»жєђГ—г‚±гѓјг‚№,psu,bequiet,POWER ZONE 2 | 1200 W,160,1200W Platinum,NZXT H200i,nzxt,Mini-ITX,130,-30,NG
й›»жєђГ—г‚±гѓјг‚№,psu,bequiet,POWER ZONE 2 | 1200 W,160,1200W Platinum,NZXT H9 Flow,nzxt,ATX,220,60,OK
й›»жєђГ—г‚±гѓјг‚№,psu,bequiet,POWER ZONE 2 | 1200 W,160,1200W Platinum,NZXT H3 Flow,nzxt,ATX,200,40,OK
й›»жєђГ—г‚±гѓјг‚№,psu,bequiet,POWER ZONE 2 | 1200 W,160,1200W Platinum,NZXT H2 Flow,nzxt,Mini-ITX,130,-30,NG
й›»жєђГ—г‚±гѓјг‚№,psu,bequiet,POWER ZONE 2 | 1000W,160,1000W Platinum,NZXT H510,nzxt,ATX,200,40,OK
й›»жєђГ—г‚±гѓјг‚№,psu,bequiet,POWER ZONE 2 | 1000W,160,1000W Platinum,NZXT H200i,nzxt,Mini-ITX,130,-30,NG
й›»жєђГ—г‚±гѓјг‚№,psu,bequiet,POWER ZONE 2 | 1000W,160,1000W Platinum,NZXT H9 Flow,nzxt,ATX,220,60,OK
й›»жєђГ—г‚±гѓјг‚№,psu,bequiet,POWER ZONE 2 | 1000W,160,1000W Platinum,NZXT H3 Flow,nzxt,ATX,200,40,OK
й›»жєђГ—г‚±гѓјг‚№,psu,bequiet,POWER ZONE 2 | 1000W,160,1000W Platinum,NZXT H2 Flow,nzxt,Mini-ITX,130,-30,NG
